{
  "gauntlgrym":     { "x": 0.08049999872843425, "y": 0.07112829082579118 },
  "menzoberranzan": { "x": 0.5171666653951009,  "y": 0.06742895182615398 },
  "araumycos":      { "x": 0.5263333320617676,  "y": 0.5533882618938756 },
  "chchitl":        { "x": 0.07966666539510091, "y": 0.8661509929887059 },
  "phaerlin":       { "x": 0.9254999987284342,  "y": 0.18765763609110217 },
  "sszuraassnee":   { "x": 0.8913333320617676,  "y": 0.8980998741220487 },
  "tsenviilyq":     { "x": 0.5438333320617675,  "y": 0.8989406341518735 }
}
