{
  "gauntlgrym":      { "x": 0.07983332951863607,  "y": 0.07970404056420828 },
  "menzoberranzan":  { "x": 0.5164999961853027,   "y": 0.0813855606238579 },
  "araumycos":       { "x": 0.5281666628519694,  "y": 0.5614595633117858 },
  "chchitl":         { "x": 0.0806666628519694,  "y": 0.8755675155859277 },
  "phaerlin":        { "x": 0.9256666628519694,  "y": 0.19623339224400926 },
  "sszuraassnee":    { "x": 0.8931666628519694,  "y": 0.905834876659621 },
  "tsenviilyq":      { "x": 0.5439999961853027, "y": 0.9125609568982195 }
}
