{
  "araumycos:0": {
    "x": 0.5046184800236101,
    "y": 0.6262155483225379
  },
  "araumycos:1": {
    "x": 0.5317269137585499,
    "y": 0.6262155483225379
  },
  "araumycos:2": {
    "x": 0.5046184800236101,
    "y": 0.6535656290216229
  },
  "araumycos:3": {
    "x": 0.5317269137585499,
    "y": 0.6535656290216229
  },
  "blingdenstone:0": {
    "x": 0.3459839418709996,
    "y": 0.08286061795003612
  },
  "blingdenstone:1": {
    "x": 0.3710843434774253,
    "y": 0.08286061795003612
  },
  "buiyrandyn:0": {
    "x": 0.051807235043690385,
    "y": 0.485413288748158
  },
  "buiyrandyn:1": {
    "x": 0.07489960452160203,
    "y": 0.485413288748158
  },
  "buiyrandyn:2": {
    "x": 0.10301205432079882,
    "y": 0.485413288748158
  },
  "chchitl:0": {
    "x": 0.043775106529634164,
    "y": 0.9392220428909223
  },
  "chchitl:1": {
    "x": 0.07188755632883095,
    "y": 0.9402350088427401
  },
  "chchitl:2": {
    "x": 0.09598394187099962,
    "y": 0.9432739066981941
  },
  "chasmleap:0": {
    "x": 0.5417670744011202,
    "y": 0.3891815155971346
  },
  "chaulssin:0": {
    "x": 0.7576305282163811,
    "y": 0.0883306279071996
  },
  "chaulssin:1": {
    "x": 0.7857429780155779,
    "y": 0.08731766195538164
  },
  "chaulssin:2": {
    "x": 0.8098393635577467,
    "y": 0.08731766195538164
  },
  "chaulssin:3": {
    "x": 0.7706827370517225,
    "y": 0.10858994694355886
  },
  "chaulssin:4": {
    "x": 0.7947791225938912,
    "y": 0.10960291289537683
  },
  "ched-nasad:0": {
    "x": 0.7104417731963009,
    "y": 0.5765802244117746
  },
  "ched-nasad:1": {
    "x": 0.7385542229954977,
    "y": 0.5765802244117746
  },
  "ched-nasad:2": {
    "x": 0.7114457892605579,
    "y": 0.6019043732072237
  },
  "ched-nasad:3": {
    "x": 0.7385542229954977,
    "y": 0.6019043732072237
  },
  "eryndlyn:0": {
    "x": 0.45140562861798755,
    "y": 0.7730956267927763
  },
  "eryndlyn:1": {
    "x": 0.47951807841718436,
    "y": 0.7730956267927763
  },
  "eryndlyn:2": {
    "x": 0.5046184800236101,
    "y": 0.7730956267927763
  },
  "everfire:0": {
    "x": 0.6421686808268229,
    "y": 0.25648297784106067
  },
  "everfire:1": {
    "x": 0.6692771145617626,
    "y": 0.2534440799856068
  },
  "everfire:2": {
    "x": 0.6973895643609594,
    "y": 0.2534440799856068
  },
  "gauntlgrym:0": {
    "x": 0.03975904227260605,
    "y": 0.14303079123744883
  },
  "gauntlgrym:1": {
    "x": 0.07188755632883095,
    "y": 0.14303079123744883
  },
  "gauntlgrym:2": {
    "x": 0.10000000612802773,
    "y": 0.14303079123744883
  },
  "gracklstugh:0": {
    "x": 0.26465864066618033,
    "y": 0.3729740623001264
  },
  "gracklstugh:1": {
    "x": 0.28875502620834903,
    "y": 0.3729740623001264
  },
  "gracklstugh:2": {
    "x": 0.26465864066618033,
    "y": 0.40133710895102936
  },
  "gracklstugh:3": {
    "x": 0.28875502620834903,
    "y": 0.40133710895102936
  },
  "halls-legion:0": {
    "x": 0.68032129126859,
    "y": 0.37702592610739827
  },
  "halls-legion:1": {
    "x": 0.7074297250035297,
    "y": 0.37702592610739827
  },
  "jhachalkhyn:0": {
    "x": 0.05080321897943336,
    "y": 0.3101701732874127
  },
  "jhachalkhyn:1": {
    "x": 0.07891566877863014,
    "y": 0.3101701732874127
  },
  "jhachalkhyn:2": {
    "x": 0.051807235043690385,
    "y": 0.33346839017922586
  },
  "jhachalkhyn:3": {
    "x": 0.08192771697140123,
    "y": 0.3344813561310438
  },
  "kanaglym:0": {
    "x": 0.27269076918023655,
    "y": 0.9361831450354683
  },
  "kanaglym:1": {
    "x": 0.29678715472240524,
    "y": 0.9321312812281964
  },
  "kanaglym:2": {
    "x": 0.32489960452160205,
    "y": 0.9361831450354683
  },
  "llacerellyn:0": {
    "x": 0.6622490021119635,
    "y": 0.7579011297871899
  },
  "llacerellyn:1": {
    "x": 0.6863453876541321,
    "y": 0.7579011297871899
  },
  "mantol-derith:0": {
    "x": 0.3098393635577466,
    "y": 0.24635331832288104
  },
  "mantol-derith:1": {
    "x": 0.3349397651641723,
    "y": 0.2423014545156092
  },
  "mantol-derith:2": {
    "x": 0.3630522149633691,
    "y": 0.24534035237106308
  },
  "mantol-derith:3": {
    "x": 0.32489960452160205,
    "y": 0.2696515352146942
  },
  "mantol-derith:4": {
    "x": 0.3459839418709996,
    "y": 0.2676256033110583
  },
  "menzoberranzan:0": {
    "x": 0.47951807841718436,
    "y": 0.13897892743017698
  },
  "menzoberranzan:1": {
    "x": 0.5076305282163811,
    "y": 0.13796596147835902
  },
  "menzoberranzan:2": {
    "x": 0.5347389619513209,
    "y": 0.13796596147835902
  },
  "menzoberranzan:3": {
    "x": 0.47951807841718436,
    "y": 0.16430307622562604
  },
  "menzoberranzan:4": {
    "x": 0.5066265121521242,
    "y": 0.16430307622562604
  },
  "menzoberranzan:5": {
    "x": 0.5317269137585499,
    "y": 0.16430307622562604
  },
  "dekanter:0": {
    "x": 0.8831325362485096,
    "y": 0.6383711552009872
  },
  "dekanter:1": {
    "x": 0.9082329378549354,
    "y": 0.6403970871046232
  },
  "dekanter:2": {
    "x": 0.9363453876541321,
    "y": 0.6403970871046232
  },
  "dekanter:3": {
    "x": 0.8871486005055378,
    "y": 0.6657212359000723
  },
  "dekanter:4": {
    "x": 0.9112449860477064,
    "y": 0.6657212359000723
  },
  "dekanter:5": {
    "x": 0.9363453876541321,
    "y": 0.6636953039964363
  },
  "araumycos-chasm:0": {
    "x": 0.5456067009451,
    "y": 0.448730295640593
  },
  "araumycos-eryndlyn:0": {
    "x": 0.5089958222840122,
    "y": 0.6967350446677021
  },
  "araumycos-laby:0": {
    "x": 0.4242677888112088,
    "y": 0.5574302494694962
  },
  "araumycos-laby:1": {
    "x": 0.38765691015012094,
    "y": 0.5152166711412094
  },
  "buiyrandyn-labyrinth:0": {
    "x": 0.1721757386020038,
    "y": 0.4888331912279554
  },
  "chchitl-kanaglym:0": {
    "x": 0.1941422657986565,
    "y": 0.9331310567358271
  },
  "chchitl-stoneshaft:0": {
    "x": 0.07698745408317534,
    "y": 0.7220631852233939
  },
  "chasmleap-everfire:0": {
    "x": 0.6334728097317109,
    "y": 0.32103422934977077
  },
  "chasm-grackl:0": {
    "x": 0.46192469257689917,
    "y": 0.3695798397976304
  },
  "chasm-grackl:1": {
    "x": 0.38870293525472344,
    "y": 0.3868874108977702
  },
  "chaulssin-everfire:0": {
    "x": 0.7066945670538867,
    "y": 0.13782731848729882
  },
  "chaulssin-phaerlin:0": {
    "x": 0.7872385001082799,
    "y": 0.17793021407466114
  },
  "ched-nasad-araumycos:0": {
    "x": 0.6303347344179033,
    "y": 0.6116746940585116
  },
  "ched-nasad-halls-legion:0": {
    "x": 0.6878661151710415,
    "y": 0.493476686011549
  },
  "ched-nasad-halls-legion:1": {
    "x": 0.6774058641250164,
    "y": 0.4333223386047053
  },
  "ched-nasad-dekanter:0": {
    "x": 0.8238493787693678,
    "y": 0.6581096257912469
  },
  "ched-nasad-yathchol:0": {
    "x": 0.8081590022003301,
    "y": 0.5029747402296084
  },
  "eryndlyn-kanaglym:0": {
    "x": 0.38765691015012094,
    "y": 0.7843282073195617
  },
  "eryndlyn-kanaglym:1": {
    "x": 0.3552301319074431,
    "y": 0.8470153748206748
  },
  "everfire-menzoberranzan:0": {
    "x": 0.6292887093133008,
    "y": 0.18637292893515847
  },
  "everfire-menzoberranzan:1": {
    "x": 0.6031380816982381,
    "y": 0.12664072290745992
  },
  "yathchol-phaerlin:0": {
    "x": 0.8709205084764807,
    "y": 0.33876393377745534
  },
  "yathchol-halls-legion:0": {
    "x": 0.7736401737484473,
    "y": 0.44007651210342325
  },
  "labyrinth-gracklstugh:0": {
    "x": 0.29979080136351005,
    "y": 0.4474638876063584
  },
  "stoneshaft-buiyrandyn:0": {
    "x": 0.08012552939698288,
    "y": 0.5540531627201372
  },
  "sszuraassnee-dekanter:0": {
    "x": 0.9263598390204139,
    "y": 0.7600554020956319
  },
  "mantol-derith-wormwrithings:0": {
    "x": 0.2338912197735519,
    "y": 0.2060022393754947
  },
  "mantol-derith-gracklstugh:0": {
    "x": 0.30815900220033016,
    "y": 0.3136468538468356
  },
  "mantol-blingden:0": {
    "x": 0.3594142323258532,
    "y": 0.14795857470957555
  },
  "llac-tsen:0": {
    "x": 0.643933060777736,
    "y": 0.830763139052297
  },